,survived,pclass,sex,age,sibsp,parch,fare,embarked,class,who,adult_male,deck,embark_town,alive,alone,outliercalcId
0,0,3,male,22,1,0,7.25,S,Third,man,True,C,Southampton,no,False,3
1,1,1,female,38,1,0,71.2833,C,First,woman,False,C,Cherbourg,yes,False,1
2,1,3,female,26,0,0,7.925,S,Third,woman,False,C,Southampton,yes,True,3
3,1,1,female,35,1,0,53.1,S,First,woman,False,C,Southampton,yes,False,1
4,0,3,male,35,0,0,8.05,S,Third,man,True,C,Southampton,no,True,3
5,0,3,male,33,0,0,8.4583,Q,Third,man,True,C,Queenstown,no,True,3
6,0,1,male,54,0,0,51.8625,S,First,man,True,E,Southampton,no,True,1
7,0,3,male,2,3,1,21.075,S,Third,child,False,C,Southampton,no,False,3
8,1,3,female,27,0,2,11.1333,S,Third,woman,False,C,Southampton,yes,False,3
9,1,2,female,14,1,0,30.0708,C,Second,child,False,C,Cherbourg,yes,False,2
10,1,3,female,4,1,1,16.7,S,Third,child,False,G,Southampton,yes,False,3
11,1,1,female,58,0,0,26.55,S,First,woman,False,C,Southampton,yes,True,1
12,0,3,male,20,0,0,8.05,S,Third,man,True,C,Southampton,no,True,3
13,0,3,male,39,1,5,31.275,S,Third,man,True,C,Southampton,no,False,3
14,0,3,female,14,0,0,7.8542,S,Third,child,False,C,Southampton,no,True,3
15,1,2,female,55,0,0,16.0,S,Second,woman,False,C,Southampton,yes,True,2
16,0,3,male,2,4,1,29.125,Q,Third,child,False,C,Queenstown,no,False,3
17,1,2,male,33,0,0,13.0,S,Second,man,True,C,Southampton,yes,True,2
18,0,3,female,31,1,0,18.0,S,Third,woman,False,C,Southampton,no,False,3
19,1,3,female,32,0,0,7.225,C,Third,woman,False,C,Cherbourg,yes,True,3
20,0,2,male,35,0,0,26.0,S,Second,man,True,C,Southampton,no,True,2
21,1,2,male,34,0,0,13.0,S,Second,man,True,D,Southampton,yes,True,2
22,1,3,female,15,0,0,8.0292,Q,Third,child,False,C,Queenstown,yes,True,3
23,1,1,male,28,0,0,35.5,S,First,man,True,A,Southampton,yes,True,1
24,0,3,female,8,3,1,21.075,S,Third,child,False,C,Southampton,no,False,3
25,1,3,female,38,1,5,31.3875,S,Third,woman,False,C,Southampton,yes,False,3
26,0,3,male,33,0,0,7.225,C,Third,man,True,C,Cherbourg,no,True,3
27,0,1,male,19,3,2,263.0,S,First,man,True,C,Southampton,no,False,1
28,1,3,female,32,0,0,7.8792,Q,Third,woman,False,C,Queenstown,yes,True,3
29,0,3,male,33,0,0,7.8958,S,Third,man,True,C,Southampton,no,True,3
30,0,1,male,40,0,0,27.7208,C,First,man,True,C,Cherbourg,no,True,1
31,1,1,female,32,1,0,146.5208,C,First,woman,False,B,Cherbourg,yes,False,1
32,1,3,female,32,0,0,7.75,Q,Third,woman,False,C,Queenstown,yes,True,3
33,0,2,male,66,0,0,10.5,S,Second,man,True,C,Southampton,no,True,2
34,0,1,male,28,1,0,82.1708,C,First,man,True,C,Cherbourg,no,False,1
35,0,1,male,42,1,0,52.0,S,First,man,True,C,Southampton,no,False,1
36,1,3,male,33,0,0,7.2292,C,Third,man,True,C,Cherbourg,yes,True,3
37,0,3,male,21,0,0,8.05,S,Third,man,True,C,Southampton,no,True,3
38,0,3,female,18,2,0,18.0,S,Third,woman,False,C,Southampton,no,False,3
39,1,3,female,14,1,0,11.2417,C,Third,child,False,C,Cherbourg,yes,False,3
40,0,3,female,40,1,0,9.475,S,Third,woman,False,C,Southampton,no,False,3
41,0,2,female,27,1,0,21.0,S,Second,woman,False,C,Southampton,no,False,2
42,0,3,male,33,0,0,7.8958,C,Third,man,True,C,Cherbourg,no,True,3
43,1,2,female,3,1,2,41.5792,C,Second,child,False,C,Cherbourg,yes,False,2
44,1,3,female,19,0,0,7.8792,Q,Third,woman,False,C,Queenstown,yes,True,3
45,0,3,male,33,0,0,8.05,S,Third,man,True,C,Southampton,no,True,3
46,0,3,male,33,1,0,15.5,Q,Third,man,True,C,Queenstown,no,False,3
47,1,3,female,32,0,0,7.75,Q,Third,woman,False,C,Queenstown,yes,True,3
48,0,3,male,33,2,0,21.6792,C,Third,man,True,C,Cherbourg,no,False,3
49,0,3,female,18,1,0,17.8,S,Third,woman,False,C,Southampton,no,False,3
50,0,3,male,7,4,1,39.6875,S,Third,child,False,C,Southampton,no,False,3
51,0,3,male,21,0,0,7.8,S,Third,man,True,C,Southampton,no,True,3
52,1,1,female,49,1,0,76.7292,C,First,woman,False,D,Cherbourg,yes,False,1
53,1,2,female,29,1,0,26.0,S,Second,woman,False,C,Southampton,yes,False,2
54,0,1,male,65,0,1,61.9792,C,First,man,True,B,Cherbourg,no,False,1
55,1,1,male,33,0,0,35.5,S,First,man,True,C,Southampton,yes,True,1
56,1,2,female,21,0,0,10.5,S,Second,woman,False,C,Southampton,yes,True,2
57,0,3,male,28,0,0,7.2292,C,Third,man,True,C,Cherbourg,no,True,3
58,1,2,female,5,1,2,27.75,S,Second,child,False,C,Southampton,yes,False,2
59,0,3,male,11,5,2,46.9,S,Third,child,False,C,Southampton,no,False,3
60,0,3,male,22,0,0,7.2292,C,Third,man,True,C,Cherbourg,no,True,3
61,1,1,female,38,0,0,80.0,S,First,woman,False,B,Southampton,yes,True,1
62,0,1,male,45,1,0,83.475,S,First,man,True,C,Southampton,no,False,1
63,0,3,male,4,3,2,27.9,S,Third,child,False,C,Southampton,no,False,3
64,0,1,male,33,0,0,27.7208,C,First,man,True,C,Cherbourg,no,True,1
65,1,3,male,33,1,1,15.2458,C,Third,man,True,C,Cherbourg,yes,False,3
66,1,2,female,29,0,0,10.5,S,Second,woman,False,F,Southampton,yes,True,2
67,0,3,male,19,0,0,8.1583,S,Third,man,True,C,Southampton,no,True,3
68,1,3,female,17,4,2,7.925,S,Third,woman,False,C,Southampton,yes,False,3
69,0,3,male,26,2,0,8.6625,S,Third,man,True,C,Southampton,no,False,3
70,0,2,male,32,0,0,10.5,S,Second,man,True,C,Southampton,no,True,2
71,0,3,female,16,5,2,46.9,S,Third,woman,False,C,Southampton,no,False,3
72,0,2,male,21,0,0,73.5,S,Second,man,True,C,Southampton,no,True,2
73,0,3,male,26,1,0,14.4542,C,Third,man,True,C,Cherbourg,no,False,3
74,1,3,male,32,0,0,56.4958,S,Third,man,True,C,Southampton,yes,True,3
75,0,3,male,25,0,0,7.65,S,Third,man,True,F,Southampton,no,True,3
76,0,3,male,33,0,0,7.8958,S,Third,man,True,C,Southampton,no,True,3
77,0,3,male,33,0,0,8.05,S,Third,man,True,C,Southampton,no,True,3
78,1,2,male,0,0,2,29.0,S,Second,child,False,C,Southampton,yes,False,2
79,1,3,female,30,0,0,12.475,S,Third,woman,False,C,Southampton,yes,True,3
80,0,3,male,22,0,0,9.0,S,Third,man,True,C,Southampton,no,True,3
81,1,3,male,29,0,0,9.5,S,Third,man,True,C,Southampton,yes,True,3
82,1,3,female,32,0,0,7.7875,Q,Third,woman,False,C,Queenstown,yes,True,3
83,0,1,male,28,0,0,47.1,S,First,man,True,C,Southampton,no,True,1
84,1,2,female,17,0,0,10.5,S,Second,woman,False,C,Southampton,yes,True,2
85,1,3,female,33,3,0,15.85,S,Third,woman,False,C,Southampton,yes,False,3
86,0,3,male,16,1,3,34.375,S,Third,man,True,C,Southampton,no,False,3
87,0,3,male,33,0,0,8.05,S,Third,man,True,C,Southampton,no,True,3
88,1,1,female,23,3,2,263.0,S,First,woman,False,C,Southampton,yes,False,1
89,0,3,male,24,0,0,8.05,S,Third,man,True,C,Southampton,no,True,3
90,0,3,male,29,0,0,8.05,S,Third,man,True,C,Southampton,no,True,3
91,0,3,male,20,0,0,7.8542,S,Third,man,True,C,Southampton,no,True,3
92,0,1,male,46,1,0,61.175,S,First,man,True,E,Southampton,no,False,1
93,0,3,male,26,1,2,20.575,S,Third,man,True,C,Southampton,no,False,3
94,0,3,male,59,0,0,7.25,S,Third,man,True,C,Southampton,no,True,3
95,0,3,male,33,0,0,8.05,S,Third,man,True,C,Southampton,no,True,3
96,0,1,male,71,0,0,34.6542,C,First,man,True,A,Cherbourg,no,True,1
97,1,1,male,23,0,1,63.3583,C,First,man,True,D,Cherbourg,yes,False,1
98,1,2,female,34,0,1,23.0,S,Second,woman,False,C,Southampton,yes,False,2
99,0,2,male,34,1,0,26.0,S,Second,man,True,C,Southampton,no,False,2
100,0,3,female,28,0,0,7.8958,S,Third,woman,False,C,Southampton,no,True,3
101,0,3,male,33,0,0,7.8958,S,Third,man,True,C,Southampton,no,True,3
102,0,1,male,21,0,1,77.2875,S,First,man,True,D,Southampton,no,False,1
103,0,3,male,33,0,0,8.6542,S,Third,man,True,C,Southampton,no,True,3
104,0,3,male,37,2,0,7.925,S,Third,man,True,C,Southampton,no,False,3
105,0,3,male,28,0,0,7.8958,S,Third,man,True,C,Southampton,no,True,3
106,1,3,female,21,0,0,7.65,S,Third,woman,False,C,Southampton,yes,True,3
107,1,3,male,33,0,0,7.775,S,Third,man,True,C,Southampton,yes,True,3
108,0,3,male,38,0,0,7.8958,S,Third,man,True,C,Southampton,no,True,3
109,1,3,female,32,1,0,24.15,Q,Third,woman,False,C,Queenstown,yes,False,3
110,0,1,male,47,0,0,52.0,S,First,man,True,C,Southampton,no,True,1
111,0,3,female,14,1,0,14.4542,C,Third,child,False,C,Cherbourg,no,False,3
112,0,3,male,22,0,0,8.05,S,Third,man,True,C,Southampton,no,True,3
113,0,3,female,20,1,0,9.825,S,Third,woman,False,C,Southampton,no,False,3
114,0,3,female,17,0,0,14.4583,C,Third,woman,False,C,Cherbourg,no,True,3
115,0,3,male,21,0,0,7.925,S,Third,man,True,C,Southampton,no,True,3
116,0,3,male,70,0,0,7.75,Q,Third,man,True,C,Queenstown,no,True,3
117,0,2,male,29,1,0,21.0,S,Second,man,True,C,Southampton,no,False,2
118,0,1,male,24,0,1,247.5208,C,First,man,True,B,Cherbourg,no,False,1
119,0,3,female,2,4,2,31.275,S,Third,child,False,C,Southampton,no,False,3
120,0,2,male,21,2,0,73.5,S,Second,man,True,C,Southampton,no,False,2
121,0,3,male,33,0,0,8.05,S,Third,man,True,C,Southampton,no,True,3
122,0,2,male,32,1,0,30.0708,C,Second,man,True,C,Cherbourg,no,False,2
123,1,2,female,32,0,0,13.0,S,Second,woman,False,E,Southampton,yes,True,2
124,0,1,male,54,0,1,77.2875,S,First,man,True,D,Southampton,no,False,1
125,1,3,male,12,1,0,11.2417,C,Third,child,False,C,Cherbourg,yes,False,3
126,0,3,male,33,0,0,7.75,Q,Third,man,True,C,Queenstown,no,True,3
127,1,3,male,24,0,0,7.1417,S,Third,man,True,C,Southampton,yes,True,3
128,1,3,female,32,1,1,22.3583,C,Third,woman,False,F,Cherbourg,yes,False,3
129,0,3,male,45,0,0,6.975,S,Third,man,True,C,Southampton,no,True,3
130,0,3,male,33,0,0,7.8958,C,Third,man,True,C,Cherbourg,no,True,3
131,0,3,male,20,0,0,7.05,S,Third,man,True,C,Southampton,no,True,3
132,0,3,female,47,1,0,14.5,S,Third,woman,False,C,Southampton,no,False,3
133,1,2,female,29,1,0,26.0,S,Second,woman,False,C,Southampton,yes,False,2
134,0,2,male,25,0,0,13.0,S,Second,man,True,C,Southampton,no,True,2
135,0,2,male,23,0,0,15.0458,C,Second,man,True,C,Cherbourg,no,True,2
136,1,1,female,19,0,2,26.2833,S,First,woman,False,D,Southampton,yes,False,1
137,0,1,male,37,1,0,53.1,S,First,man,True,C,Southampton,no,False,1
138,0,3,male,16,0,0,9.2167,S,Third,man,True,C,Southampton,no,True,3
139,0,1,male,24,0,0,79.2,C,First,man,True,B,Cherbourg,no,True,1
140,0,3,female,32,0,2,15.2458,C,Third,woman,False,C,Cherbourg,no,False,3
141,1,3,female,22,0,0,7.75,S,Third,woman,False,C,Southampton,yes,True,3
142,1,3,female,24,1,0,15.85,S,Third,woman,False,C,Southampton,yes,False,3
143,0,3,male,19,0,0,6.75,Q,Third,man,True,C,Queenstown,no,True,3
144,0,2,male,18,0,0,11.5,S,Second,man,True,C,Southampton,no,True,2
145,0,2,male,19,1,1,36.75,S,Second,man,True,C,Southampton,no,False,2
146,1,3,male,27,0,0,7.7958,S,Third,man,True,C,Southampton,yes,True,3
147,0,3,female,9,2,2,34.375,S,Third,child,False,C,Southampton,no,False,3
148,0,2,male,36,0,2,26.0,S,Second,man,True,F,Southampton,no,False,2
149,0,2,male,42,0,0,13.0,S,Second,man,True,C,Southampton,no,True,2
150,0,2,male,51,0,0,12.525,S,Second,man,True,C,Southampton,no,True,2
151,1,1,female,22,1,0,66.6,S,First,woman,False,C,Southampton,yes,False,1
152,0,3,male,55,0,0,8.05,S,Third,man,True,C,Southampton,no,True,3
153,0,3,male,40,0,2,14.5,S,Third,man,True,C,Southampton,no,False,3
154,0,3,male,33,0,0,7.3125,S,Third,man,True,C,Southampton,no,True,3
155,0,1,male,51,0,1,61.3792,C,First,man,True,C,Cherbourg,no,False,1
156,1,3,female,16,0,0,7.7333,Q,Third,woman,False,C,Queenstown,yes,True,3
157,0,3,male,30,0,0,8.05,S,Third,man,True,C,Southampton,no,True,3
158,0,3,male,33,0,0,8.6625,S,Third,man,True,C,Southampton,no,True,3
159,0,3,male,33,8,2,69.55,S,Third,man,True,C,Southampton,no,False,3
160,0,3,male,44,0,1,16.1,S,Third,man,True,C,Southampton,no,False,3
161,1,2,female,40,0,0,15.75,S,Second,woman,False,C,Southampton,yes,True,2
162,0,3,male,26,0,0,7.775,S,Third,man,True,C,Southampton,no,True,3
163,0,3,male,17,0,0,8.6625,S,Third,man,True,C,Southampton,no,True,3
164,0,3,male,1,4,1,39.6875,S,Third,child,False,C,Southampton,no,False,3
165,1,3,male,9,0,2,20.525,S,Third,child,False,C,Southampton,yes,False,3
166,1,1,female,32,0,1,55.0,S,First,woman,False,E,Southampton,yes,False,1
167,0,3,female,45,1,4,27.9,S,Third,woman,False,C,Southampton,no,False,3
168,0,1,male,33,0,0,25.925,S,First,man,True,C,Southampton,no,True,1
169,0,3,male,28,0,0,56.4958,S,Third,man,True,C,Southampton,no,True,3
170,0,1,male,61,0,0,33.5,S,First,man,True,B,Southampton,no,True,1
171,0,3,male,4,4,1,29.125,Q,Third,child,False,C,Queenstown,no,False,3
172,1,3,female,1,1,1,11.1333,S,Third,child,False,C,Southampton,yes,False,3
173,0,3,male,21,0,0,7.925,S,Third,man,True,C,Southampton,no,True,3
174,0,1,male,56,0,0,30.6958,C,First,man,True,A,Cherbourg,no,True,1
175,0,3,male,18,1,1,7.8542,S,Third,man,True,C,Southampton,no,False,3
176,0,3,male,33,3,1,25.4667,S,Third,man,True,C,Southampton,no,False,3
177,0,1,female,50,0,0,28.7125,C,First,woman,False,C,Cherbourg,no,True,1
178,0,2,male,30,0,0,13.0,S,Second,man,True,C,Southampton,no,True,2
179,0,3,male,36,0,0,0.0,S,Third,man,True,C,Southampton,no,True,3
180,0,3,female,32,8,2,69.55,S,Third,woman,False,C,Southampton,no,False,3
181,0,2,male,33,0,0,15.05,C,Second,man,True,C,Cherbourg,no,True,2
182,0,3,male,9,4,2,31.3875,S,Third,child,False,C,Southampton,no,False,3
183,1,2,male,1,2,1,39.0,S,Second,child,False,F,Southampton,yes,False,2
184,1,3,female,4,0,2,22.025,S,Third,child,False,C,Southampton,yes,False,3
185,0,1,male,33,0,0,50.0,S,First,man,True,A,Southampton,no,True,1
186,1,3,female,32,1,0,15.5,Q,Third,woman,False,C,Queenstown,yes,False,3
187,1,1,male,45,0,0,26.55,S,First,man,True,C,Southampton,yes,True,1
188,0,3,male,40,1,1,15.5,Q,Third,man,True,C,Queenstown,no,False,3
189,0,3,male,36,0,0,7.8958,S,Third,man,True,C,Southampton,no,True,3
190,1,2,female,32,0,0,13.0,S,Second,woman,False,C,Southampton,yes,True,2
191,0,2,male,19,0,0,13.0,S,Second,man,True,C,Southampton,no,True,2
192,1,3,female,19,1,0,7.8542,S,Third,woman,False,C,Southampton,yes,False,3
193,1,2,male,3,1,1,26.0,S,Second,child,False,F,Southampton,yes,False,2
194,1,1,female,44,0,0,27.7208,C,First,woman,False,B,Cherbourg,yes,True,1
195,1,1,female,58,0,0,146.5208,C,First,woman,False,B,Cherbourg,yes,True,1
196,0,3,male,33,0,0,7.75,Q,Third,man,True,C,Queenstown,no,True,3
197,0,3,male,42,0,1,8.4042,S,Third,man,True,C,Southampton,no,False,3
198,1,3,female,32,0,0,7.75,Q,Third,woman,False,C,Queenstown,yes,True,3
199,0,2,female,24,0,0,13.0,S,Second,woman,False,C,Southampton,no,True,2
200,0,3,male,28,0,0,9.5,S,Third,man,True,C,Southampton,no,True,3
201,0,3,male,33,8,2,69.55,S,Third,man,True,C,Southampton,no,False,3
202,0,3,male,34,0,0,6.4958,S,Third,man,True,C,Southampton,no,True,3
203,0,3,male,45,0,0,7.225,C,Third,man,True,C,Cherbourg,no,True,3
204,1,3,male,18,0,0,8.05,S,Third,man,True,C,Southampton,yes,True,3
205,0,3,female,2,0,1,10.4625,S,Third,child,False,G,Southampton,no,False,3
206,0,3,male,32,1,0,15.85,S,Third,man,True,C,Southampton,no,False,3
207,1,3,male,26,0,0,18.7875,C,Third,man,True,C,Cherbourg,yes,True,3
208,1,3,female,16,0,0,7.75,Q,Third,woman,False,C,Queenstown,yes,True,3
209,1,1,male,40,0,0,31.0,C,First,man,True,A,Cherbourg,yes,True,1
210,0,3,male,24,0,0,7.05,S,Third,man,True,C,Southampton,no,True,3
211,1,2,female,35,0,0,21.0,S,Second,woman,False,C,Southampton,yes,True,2
212,0,3,male,22,0,0,7.25,S,Third,man,True,C,Southampton,no,True,3
213,0,2,male,30,0,0,13.0,S,Second,man,True,C,Southampton,no,True,2
214,0,3,male,33,1,0,7.75,Q,Third,man,True,C,Queenstown,no,False,3
215,1,1,female,31,1,0,113.275,C,First,woman,False,D,Cherbourg,yes,False,1
216,1,3,female,27,0,0,7.925,S,Third,woman,False,C,Southampton,yes,True,3
217,0,2,male,42,1,0,27.0,S,Second,man,True,C,Southampton,no,False,2
218,1,1,female,32,0,0,76.2917,C,First,woman,False,D,Cherbourg,yes,True,1
219,0,2,male,30,0,0,10.5,S,Second,man,True,C,Southampton,no,True,2
220,1,3,male,16,0,0,8.05,S,Third,man,True,C,Southampton,yes,True,3
221,0,2,male,27,0,0,13.0,S,Second,man,True,C,Southampton,no,True,2
222,0,3,male,51,0,0,8.05,S,Third,man,True,C,Southampton,no,True,3
223,0,3,male,33,0,0,7.8958,S,Third,man,True,C,Southampton,no,True,3
224,1,1,male,38,1,0,90.0,S,First,man,True,C,Southampton,yes,False,1
225,0,3,male,22,0,0,9.35,S,Third,man,True,C,Southampton,no,True,3
226,1,2,male,19,0,0,10.5,S,Second,man,True,C,Southampton,yes,True,2
227,0,3,male,20,0,0,7.25,S,Third,man,True,C,Southampton,no,True,3
228,0,2,male,18,0,0,13.0,S,Second,man,True,C,Southampton,no,True,2
229,0,3,female,32,3,1,25.4667,S,Third,woman,False,C,Southampton,no,False,3
230,1,1,female,35,1,0,83.475,S,First,woman,False,C,Southampton,yes,False,1
231,0,3,male,29,0,0,7.775,S,Third,man,True,C,Southampton,no,True,3
232,0,2,male,59,0,0,13.5,S,Second,man,True,C,Southampton,no,True,2
233,1,3,female,5,4,2,31.3875,S,Third,child,False,C,Southampton,yes,False,3
234,0,2,male,24,0,0,10.5,S,Second,man,True,C,Southampton,no,True,2
235,0,3,female,32,0,0,7.55,S,Third,woman,False,C,Southampton,no,True,3
236,0,2,male,44,1,0,26.0,S,Second,man,True,C,Southampton,no,False,2
237,1,2,female,8,0,2,26.25,S,Second,child,False,C,Southampton,yes,False,2
238,0,2,male,19,0,0,10.5,S,Second,man,True,C,Southampton,no,True,2
239,0,2,male,33,0,0,12.275,S,Second,man,True,C,Southampton,no,True,2
240,0,3,female,32,1,0,14.4542,C,Third,woman,False,C,Cherbourg,no,False,3
241,1,3,female,32,1,0,15.5,Q,Third,woman,False,C,Queenstown,yes,False,3
242,0,2,male,29,0,0,10.5,S,Second,man,True,C,Southampton,no,True,2
243,0,3,male,22,0,0,7.125,S,Third,man,True,C,Southampton,no,True,3
244,0,3,male,30,0,0,7.225,C,Third,man,True,C,Cherbourg,no,True,3
245,0,1,male,44,2,0,90.0,Q,First,man,True,C,Queenstown,no,False,1
246,0,3,female,25,0,0,7.775,S,Third,woman,False,C,Southampton,no,True,3
247,1,2,female,24,0,2,14.5,S,Second,woman,False,C,Southampton,yes,False,2
248,1,1,male,37,1,1,52.5542,S,First,man,True,D,Southampton,yes,False,1
249,0,2,male,54,1,0,26.0,S,Second,man,True,C,Southampton,no,False,2
250,0,3,male,33,0,0,7.25,S,Third,man,True,C,Southampton,no,True,3
251,0,3,female,29,1,1,10.4625,S,Third,woman,False,G,Southampton,no,False,3
252,0,1,male,62,0,0,26.55,S,First,man,True,C,Southampton,no,True,1
253,0,3,male,30,1,0,16.1,S,Third,man,True,C,Southampton,no,False,3
254,0,3,female,41,0,2,20.2125,S,Third,woman,False,C,Southampton,no,False,3
255,1,3,female,29,0,2,15.2458,C,Third,woman,False,C,Cherbourg,yes,False,3
256,1,1,female,32,0,0,79.2,C,First,woman,False,C,Cherbourg,yes,True,1
257,1,1,female,30,0,0,86.5,S,First,woman,False,B,Southampton,yes,True,1
258,1,1,female,35,0,0,512.3292,C,First,woman,False,C,Cherbourg,yes,True,1
259,1,2,female,50,0,1,26.0,S,Second,woman,False,C,Southampton,yes,False,2
260,0,3,male,33,0,0,7.75,Q,Third,man,True,C,Queenstown,no,True,3
261,1,3,male,3,4,2,31.3875,S,Third,child,False,C,Southampton,yes,False,3
262,0,1,male,52,1,1,79.65,S,First,man,True,E,Southampton,no,False,1
263,0,1,male,40,0,0,0.0,S,First,man,True,B,Southampton,no,True,1
264,0,3,female,32,0,0,7.75,Q,Third,woman,False,C,Queenstown,no,True,3
265,0,2,male,36,0,0,10.5,S,Second,man,True,C,Southampton,no,True,2
266,0,3,male,16,4,1,39.6875,S,Third,man,True,C,Southampton,no,False,3
267,1,3,male,25,1,0,7.775,S,Third,man,True,C,Southampton,yes,False,3
268,1,1,female,58,0,1,153.4625,S,First,woman,False,C,Southampton,yes,False,1
269,1,1,female,35,0,0,135.6333,S,First,woman,False,C,Southampton,yes,True,1
270,0,1,male,33,0,0,31.0,S,First,man,True,C,Southampton,no,True,1
271,1,3,male,25,0,0,0.0,S,Third,man,True,C,Southampton,yes,True,3
272,1,2,female,41,0,1,19.5,S,Second,woman,False,C,Southampton,yes,False,2
273,0,1,male,37,0,1,29.7,C,First,man,True,C,Cherbourg,no,False,1
274,1,3,female,32,0,0,7.75,Q,Third,woman,False,C,Queenstown,yes,True,3
275,1,1,female,63,1,0,77.9583,S,First,woman,False,D,Southampton,yes,False,1
276,0,3,female,45,0,0,7.75,S,Third,woman,False,C,Southampton,no,True,3
277,0,2,male,33,0,0,0.0,S,Second,man,True,C,Southampton,no,True,2
278,0,3,male,7,4,1,29.125,Q,Third,child,False,C,Queenstown,no,False,3
279,1,3,female,35,1,1,20.25,S,Third,woman,False,C,Southampton,yes,False,3
280,0,3,male,65,0,0,7.75,Q,Third,man,True,C,Queenstown,no,True,3
281,0,3,male,28,0,0,7.8542,S,Third,man,True,C,Southampton,no,True,3
282,0,3,male,16,0,0,9.5,S,Third,man,True,C,Southampton,no,True,3
283,1,3,male,19,0,0,8.05,S,Third,man,True,C,Southampton,yes,True,3
284,0,1,male,33,0,0,26.0,S,First,man,True,A,Southampton,no,True,1
285,0,3,male,33,0,0,8.6625,C,Third,man,True,C,Cherbourg,no,True,3
286,1,3,male,30,0,0,9.5,S,Third,man,True,C,Southampton,yes,True,3
287,0,3,male,22,0,0,7.8958,S,Third,man,True,C,Southampton,no,True,3
288,1,2,male,42,0,0,13.0,S,Second,man,True,C,Southampton,yes,True,2
289,1,3,female,22,0,0,7.75,Q,Third,woman,False,C,Queenstown,yes,True,3
290,1,1,female,26,0,0,78.85,S,First,woman,False,C,Southampton,yes,True,1
291,1,1,female,19,1,0,91.0792,C,First,woman,False,B,Cherbourg,yes,False,1
292,0,2,male,36,0,0,12.875,C,Second,man,True,D,Cherbourg,no,True,2
293,0,3,female,24,0,0,8.85,S,Third,woman,False,C,Southampton,no,True,3
294,0,3,male,24,0,0,7.8958,S,Third,man,True,C,Southampton,no,True,3
295,0,1,male,33,0,0,27.7208,C,First,man,True,C,Cherbourg,no,True,1
296,0,3,male,23,0,0,7.2292,C,Third,man,True,C,Cherbourg,no,True,3
297,0,1,female,2,1,2,151.55,S,First,child,False,C,Southampton,no,False,1
298,1,1,male,33,0,0,30.5,S,First,man,True,C,Southampton,yes,True,1
299,1,1,female,50,0,1,247.5208,C,First,woman,False,B,Cherbourg,yes,False,1
300,1,3,female,32,0,0,7.75,Q,Third,woman,False,C,Queenstown,yes,True,3
301,1,3,male,33,2,0,23.25,Q,Third,man,True,C,Queenstown,yes,False,3
302,0,3,male,19,0,0,0.0,S,Third,man,True,C,Southampton,no,True,3
303,1,2,female,32,0,0,12.35,Q,Second,woman,False,E,Queenstown,yes,True,2
304,0,3,male,33,0,0,8.05,S,Third,man,True,C,Southampton,no,True,3
305,1,1,male,0,1,2,151.55,S,First,child,False,C,Southampton,yes,False,1
306,1,1,female,32,0,0,110.8833,C,First,woman,False,C,Cherbourg,yes,True,1
307,1,1,female,17,1,0,108.9,C,First,woman,False,C,Cherbourg,yes,False,1
308,0,2,male,30,1,0,24.0,C,Second,man,True,C,Cherbourg,no,False,2
309,1,1,female,30,0,0,56.9292,C,First,woman,False,E,Cherbourg,yes,True,1
310,1,1,female,24,0,0,83.1583,C,First,woman,False,C,Cherbourg,yes,True,1
311,1,1,female,18,2,2,262.375,C,First,woman,False,B,Cherbourg,yes,False,1
312,0,2,female,26,1,1,26.0,S,Second,woman,False,C,Southampton,no,False,2
313,0,3,male,28,0,0,7.8958,S,Third,man,True,C,Southampton,no,True,3
314,0,2,male,43,1,1,26.25,S,Second,man,True,C,Southampton,no,False,2
315,1,3,female,26,0,0,7.8542,S,Third,woman,False,C,Southampton,yes,True,3
316,1,2,female,24,1,0,26.0,S,Second,woman,False,C,Southampton,yes,False,2
317,0,2,male,54,0,0,14.0,S,Second,man,True,C,Southampton,no,True,2
318,1,1,female,31,0,2,164.8667,S,First,woman,False,C,Southampton,yes,False,1
319,1,1,female,40,1,1,134.5,C,First,woman,False,E,Cherbourg,yes,False,1
320,0,3,male,22,0,0,7.25,S,Third,man,True,C,Southampton,no,True,3
321,0,3,male,27,0,0,7.8958,S,Third,man,True,C,Southampton,no,True,3
322,1,2,female,30,0,0,12.35,Q,Second,woman,False,C,Queenstown,yes,True,2
323,1,2,female,22,1,1,29.0,S,Second,woman,False,C,Southampton,yes,False,2
324,0,3,male,33,8,2,69.55,S,Third,man,True,C,Southampton,no,False,3
325,1,1,female,36,0,0,135.6333,C,First,woman,False,C,Cherbourg,yes,True,1
326,0,3,male,61,0,0,6.2375,S,Third,man,True,C,Southampton,no,True,3
327,1,2,female,36,0,0,13.0,S,Second,woman,False,D,Southampton,yes,True,2
328,1,3,female,31,1,1,20.525,S,Third,woman,False,C,Southampton,yes,False,3
329,1,1,female,16,0,1,57.9792,C,First,woman,False,B,Cherbourg,yes,False,1
330,1,3,female,32,2,0,23.25,Q,Third,woman,False,C,Queenstown,yes,False,3
331,0,1,male,45,0,0,28.5,S,First,man,True,C,Southampton,no,True,1
332,0,1,male,38,0,1,153.4625,S,First,man,True,C,Southampton,no,False,1
333,0,3,male,16,2,0,18.0,S,Third,man,True,C,Southampton,no,False,3
334,1,1,female,32,1,0,133.65,S,First,woman,False,C,Southampton,yes,False,1
335,0,3,male,33,0,0,7.8958,S,Third,man,True,C,Southampton,no,True,3
336,0,1,male,29,1,0,66.6,S,First,man,True,C,Southampton,no,False,1
337,1,1,female,41,0,0,134.5,C,First,woman,False,E,Cherbourg,yes,True,1
338,1,3,male,45,0,0,8.05,S,Third,man,True,C,Southampton,yes,True,3
339,0,1,male,45,0,0,35.5,S,First,man,True,C,Southampton,no,True,1
340,1,2,male,2,1,1,26.0,S,Second,child,False,F,Southampton,yes,False,2
341,1,1,female,24,3,2,263.0,S,First,woman,False,C,Southampton,yes,False,1
342,0,2,male,28,0,0,13.0,S,Second,man,True,C,Southampton,no,True,2
343,0,2,male,25,0,0,13.0,S,Second,man,True,C,Southampton,no,True,2
344,0,2,male,36,0,0,13.0,S,Second,man,True,C,Southampton,no,True,2
345,1,2,female,24,0,0,13.0,S,Second,woman,False,F,Southampton,yes,True,2
346,1,2,female,40,0,0,13.0,S,Second,woman,False,C,Southampton,yes,True,2
347,1,3,female,32,1,0,16.1,S,Third,woman,False,C,Southampton,yes,False,3
348,1,3,male,3,1,1,15.9,S,Third,child,False,C,Southampton,yes,False,3
349,0,3,male,42,0,0,8.6625,S,Third,man,True,C,Southampton,no,True,3
350,0,3,male,23,0,0,9.225,S,Third,man,True,C,Southampton,no,True,3
351,0,1,male,33,0,0,35.0,S,First,man,True,C,Southampton,no,True,1
352,0,3,male,15,1,1,7.2292,C,Third,child,False,C,Cherbourg,no,False,3
353,0,3,male,25,1,0,17.8,S,Third,man,True,C,Southampton,no,False,3
354,0,3,male,33,0,0,7.225,C,Third,man,True,C,Cherbourg,no,True,3
355,0,3,male,28,0,0,9.5,S,Third,man,True,C,Southampton,no,True,3
356,1,1,female,22,0,1,55.0,S,First,woman,False,E,Southampton,yes,False,1
357,0,2,female,38,0,0,13.0,S,Second,woman,False,C,Southampton,no,True,2
358,1,3,female,32,0,0,7.8792,Q,Third,woman,False,C,Queenstown,yes,True,3
359,1,3,female,32,0,0,7.8792,Q,Third,woman,False,C,Queenstown,yes,True,3
360,0,3,male,40,1,4,27.9,S,Third,man,True,C,Southampton,no,False,3
361,0,2,male,29,1,0,27.7208,C,Second,man,True,C,Cherbourg,no,False,2
362,0,3,female,45,0,1,14.4542,C,Third,woman,False,C,Cherbourg,no,False,3
363,0,3,male,35,0,0,7.05,S,Third,man,True,C,Southampton,no,True,3
364,0,3,male,33,1,0,15.5,Q,Third,man,True,C,Queenstown,no,False,3
365,0,3,male,30,0,0,7.25,S,Third,man,True,C,Southampton,no,True,3
366,1,1,female,60,1,0,75.25,C,First,woman,False,D,Cherbourg,yes,False,1
367,1,3,female,32,0,0,7.2292,C,Third,woman,False,C,Cherbourg,yes,True,3
368,1,3,female,32,0,0,7.75,Q,Third,woman,False,C,Queenstown,yes,True,3
369,1,1,female,24,0,0,69.3,C,First,woman,False,B,Cherbourg,yes,True,1
370,1,1,male,25,1,0,55.4417,C,First,man,True,E,Cherbourg,yes,False,1
371,0,3,male,18,1,0,6.4958,S,Third,man,True,C,Southampton,no,False,3
372,0,3,male,19,0,0,8.05,S,Third,man,True,C,Southampton,no,True,3
373,0,1,male,22,0,0,135.6333,C,First,man,True,C,Cherbourg,no,True,1
374,0,3,female,3,3,1,21.075,S,Third,child,False,C,Southampton,no,False,3
375,1,1,female,32,1,0,82.1708,C,First,woman,False,C,Cherbourg,yes,False,1
376,1,3,female,22,0,0,7.25,S,Third,woman,False,C,Southampton,yes,True,3
377,0,1,male,27,0,2,211.5,C,First,man,True,C,Cherbourg,no,False,1
378,0,3,male,20,0,0,4.0125,C,Third,man,True,C,Cherbourg,no,True,3
379,0,3,male,19,0,0,7.775,S,Third,man,True,C,Southampton,no,True,3
380,1,1,female,42,0,0,227.525,C,First,woman,False,C,Cherbourg,yes,True,1
381,1,3,female,1,0,2,15.7417,C,Third,child,False,C,Cherbourg,yes,False,3
382,0,3,male,32,0,0,7.925,S,Third,man,True,C,Southampton,no,True,3
383,1,1,female,35,1,0,52.0,S,First,woman,False,C,Southampton,yes,False,1
384,0,3,male,33,0,0,7.8958,S,Third,man,True,C,Southampton,no,True,3
385,0,2,male,18,0,0,73.5,S,Second,man,True,C,Southampton,no,True,2
386,0,3,male,1,5,2,46.9,S,Third,child,False,C,Southampton,no,False,3
387,1,2,female,36,0,0,13.0,S,Second,woman,False,C,Southampton,yes,True,2
388,0,3,male,33,0,0,7.7292,Q,Third,man,True,C,Queenstown,no,True,3
389,1,2,female,17,0,0,12.0,C,Second,woman,False,C,Cherbourg,yes,True,2
390,1,1,male,36,1,2,120.0,S,First,man,True,B,Southampton,yes,False,1
391,1,3,male,21,0,0,7.7958,S,Third,man,True,C,Southampton,yes,True,3
392,0,3,male,28,2,0,7.925,S,Third,man,True,C,Southampton,no,False,3
393,1,1,female,23,1,0,113.275,C,First,woman,False,D,Cherbourg,yes,False,1
394,1,3,female,24,0,2,16.7,S,Third,woman,False,G,Southampton,yes,False,3
395,0,3,male,22,0,0,7.7958,S,Third,man,True,C,Southampton,no,True,3
396,0,3,female,31,0,0,7.8542,S,Third,woman,False,C,Southampton,no,True,3
397,0,2,male,46,0,0,26.0,S,Second,man,True,C,Southampton,no,True,2
398,0,2,male,23,0,0,10.5,S,Second,man,True,C,Southampton,no,True,2
399,1,2,female,28,0,0,12.65,S,Second,woman,False,C,Southampton,yes,True,2
400,1,3,male,39,0,0,7.925,S,Third,man,True,C,Southampton,yes,True,3
401,0,3,male,26,0,0,8.05,S,Third,man,True,C,Southampton,no,True,3
402,0,3,female,21,1,0,9.825,S,Third,woman,False,C,Southampton,no,False,3
403,0,3,male,28,1,0,15.85,S,Third,man,True,C,Southampton,no,False,3
404,0,3,female,20,0,0,8.6625,S,Third,woman,False,C,Southampton,no,True,3
405,0,2,male,34,1,0,21.0,S,Second,man,True,C,Southampton,no,False,2
406,0,3,male,51,0,0,7.75,S,Third,man,True,C,Southampton,no,True,3
407,1,2,male,3,1,1,18.75,S,Second,child,False,C,Southampton,yes,False,2
408,0,3,male,21,0,0,7.775,S,Third,man,True,C,Southampton,no,True,3
409,0,3,female,32,3,1,25.4667,S,Third,woman,False,C,Southampton,no,False,3
410,0,3,male,33,0,0,7.8958,S,Third,man,True,C,Southampton,no,True,3
411,0,3,male,33,0,0,6.8583,Q,Third,man,True,C,Queenstown,no,True,3
412,1,1,female,33,1,0,90.0,Q,First,woman,False,C,Queenstown,yes,False,1
413,0,2,male,33,0,0,0.0,S,Second,man,True,C,Southampton,no,True,2
414,1,3,male,44,0,0,7.925,S,Third,man,True,C,Southampton,yes,True,3
415,0,3,female,32,0,0,8.05,S,Third,woman,False,C,Southampton,no,True,3
416,1,2,female,34,1,1,32.5,S,Second,woman,False,C,Southampton,yes,False,2
417,1,2,female,18,0,2,13.0,S,Second,woman,False,C,Southampton,yes,False,2
418,0,2,male,30,0,0,13.0,S,Second,man,True,C,Southampton,no,True,2
419,0,3,female,10,0,2,24.15,S,Third,child,False,C,Southampton,no,False,3
420,0,3,male,33,0,0,7.8958,C,Third,man,True,C,Cherbourg,no,True,3
421,0,3,male,21,0,0,7.7333,Q,Third,man,True,C,Queenstown,no,True,3
422,0,3,male,29,0,0,7.875,S,Third,man,True,C,Southampton,no,True,3
423,0,3,female,28,1,1,14.4,S,Third,woman,False,C,Southampton,no,False,3
424,0,3,male,18,1,1,20.2125,S,Third,man,True,C,Southampton,no,False,3
425,0,3,male,33,0,0,7.25,S,Third,man,True,C,Southampton,no,True,3
426,1,2,female,28,1,0,26.0,S,Second,woman,False,C,Southampton,yes,False,2
427,1,2,female,19,0,0,26.0,S,Second,woman,False,C,Southampton,yes,True,2
428,0,3,male,33,0,0,7.75,Q,Third,man,True,C,Queenstown,no,True,3
429,1,3,male,32,0,0,8.05,S,Third,man,True,E,Southampton,yes,True,3
430,1,1,male,28,0,0,26.55,S,First,man,True,C,Southampton,yes,True,1
431,1,3,female,32,1,0,16.1,S,Third,woman,False,C,Southampton,yes,False,3
432,1,2,female,42,1,0,26.0,S,Second,woman,False,C,Southampton,yes,False,2
433,0,3,male,17,0,0,7.125,S,Third,man,True,C,Southampton,no,True,3
434,0,1,male,50,1,0,55.9,S,First,man,True,E,Southampton,no,False,1
435,1,1,female,14,1,2,120.0,S,First,child,False,B,Southampton,yes,False,1
436,0,3,female,21,2,2,34.375,S,Third,woman,False,C,Southampton,no,False,3
437,1,2,female,24,2,3,18.75,S,Second,woman,False,C,Southampton,yes,False,2
438,0,1,male,64,1,4,263.0,S,First,man,True,C,Southampton,no,False,1
439,0,2,male,31,0,0,10.5,S,Second,man,True,C,Southampton,no,True,2
440,1,2,female,45,1,1,26.25,S,Second,woman,False,C,Southampton,yes,False,2
441,0,3,male,20,0,0,9.5,S,Third,man,True,C,Southampton,no,True,3
442,0,3,male,25,1,0,7.775,S,Third,man,True,C,Southampton,no,False,3
443,1,2,female,28,0,0,13.0,S,Second,woman,False,C,Southampton,yes,True,2
444,1,3,male,33,0,0,8.1125,S,Third,man,True,C,Southampton,yes,True,3
445,1,1,male,4,0,2,81.8583,S,First,child,False,A,Southampton,yes,False,1
446,1,2,female,13,0,1,19.5,S,Second,child,False,C,Southampton,yes,False,2
447,1,1,male,34,0,0,26.55,S,First,man,True,C,Southampton,yes,True,1
448,1,3,female,5,2,1,19.2583,C,Third,child,False,C,Cherbourg,yes,False,3
449,1,1,male,52,0,0,30.5,S,First,man,True,C,Southampton,yes,True,1
450,0,2,male,36,1,2,27.75,S,Second,man,True,C,Southampton,no,False,2
451,0,3,male,33,1,0,19.9667,S,Third,man,True,C,Southampton,no,False,3
452,0,1,male,30,0,0,27.75,C,First,man,True,C,Cherbourg,no,True,1
453,1,1,male,49,1,0,89.1042,C,First,man,True,C,Cherbourg,yes,False,1
454,0,3,male,33,0,0,8.05,S,Third,man,True,C,Southampton,no,True,3
455,1,3,male,29,0,0,7.8958,C,Third,man,True,C,Cherbourg,yes,True,3
456,0,1,male,65,0,0,26.55,S,First,man,True,E,Southampton,no,True,1
457,1,1,female,32,1,0,51.8625,S,First,woman,False,D,Southampton,yes,False,1
458,1,2,female,50,0,0,10.5,S,Second,woman,False,C,Southampton,yes,True,2
459,0,3,male,33,0,0,7.75,Q,Third,man,True,C,Queenstown,no,True,3
460,1,1,male,48,0,0,26.55,S,First,man,True,E,Southampton,yes,True,1
461,0,3,male,34,0,0,8.05,S,Third,man,True,C,Southampton,no,True,3
462,0,1,male,47,0,0,38.5,S,First,man,True,E,Southampton,no,True,1
463,0,2,male,48,0,0,13.0,S,Second,man,True,C,Southampton,no,True,2
464,0,3,male,33,0,0,8.05,S,Third,man,True,C,Southampton,no,True,3
465,0,3,male,38,0,0,7.05,S,Third,man,True,C,Southampton,no,True,3
466,0,2,male,33,0,0,0.0,S,Second,man,True,C,Southampton,no,True,2
467,0,1,male,56,0,0,26.55,S,First,man,True,C,Southampton,no,True,1
468,0,3,male,33,0,0,7.725,Q,Third,man,True,C,Queenstown,no,True,3
469,1,3,female,0,2,1,19.2583,C,Third,child,False,C,Cherbourg,yes,False,3
470,0,3,male,33,0,0,7.25,S,Third,man,True,C,Southampton,no,True,3
471,0,3,male,38,0,0,8.6625,S,Third,man,True,C,Southampton,no,True,3
472,1,2,female,33,1,2,27.75,S,Second,woman,False,C,Southampton,yes,False,2
473,1,2,female,23,0,0,13.7917,C,Second,woman,False,D,Cherbourg,yes,True,2
474,0,3,female,22,0,0,9.8375,S,Third,woman,False,C,Southampton,no,True,3
475,0,1,male,33,0,0,52.0,S,First,man,True,A,Southampton,no,True,1
476,0,2,male,34,1,0,21.0,S,Second,man,True,C,Southampton,no,False,2
477,0,3,male,29,1,0,7.0458,S,Third,man,True,C,Southampton,no,False,3
478,0,3,male,22,0,0,7.5208,S,Third,man,True,C,Southampton,no,True,3
479,1,3,female,2,0,1,12.2875,S,Third,child,False,C,Southampton,yes,False,3
480,0,3,male,9,5,2,46.9,S,Third,child,False,C,Southampton,no,False,3
481,0,2,male,33,0,0,0.0,S,Second,man,True,C,Southampton,no,True,2
482,0,3,male,50,0,0,8.05,S,Third,man,True,C,Southampton,no,True,3
483,1,3,female,63,0,0,9.5875,S,Third,woman,False,C,Southampton,yes,True,3
484,1,1,male,25,1,0,91.0792,C,First,man,True,B,Cherbourg,yes,False,1
485,0,3,female,32,3,1,25.4667,S,Third,woman,False,C,Southampton,no,False,3
486,1,1,female,35,1,0,90.0,S,First,woman,False,C,Southampton,yes,False,1
487,0,1,male,58,0,0,29.7,C,First,man,True,B,Cherbourg,no,True,1
488,0,3,male,30,0,0,8.05,S,Third,man,True,C,Southampton,no,True,3
489,1,3,male,9,1,1,15.9,S,Third,child,False,C,Southampton,yes,False,3
490,0,3,male,33,1,0,19.9667,S,Third,man,True,C,Southampton,no,False,3
491,0,3,male,21,0,0,7.25,S,Third,man,True,C,Southampton,no,True,3
492,0,1,male,55,0,0,30.5,S,First,man,True,C,Southampton,no,True,1
493,0,1,male,71,0,0,49.5042,C,First,man,True,C,Cherbourg,no,True,1
494,0,3,male,21,0,0,8.05,S,Third,man,True,C,Southampton,no,True,3
495,0,3,male,33,0,0,14.4583,C,Third,man,True,C,Cherbourg,no,True,3
496,1,1,female,54,1,0,78.2667,C,First,woman,False,D,Cherbourg,yes,False,1
497,0,3,male,33,0,0,15.1,S,Third,man,True,C,Southampton,no,True,3
498,0,1,female,25,1,2,151.55,S,First,woman,False,C,Southampton,no,False,1
499,0,3,male,24,0,0,7.7958,S,Third,man,True,C,Southampton,no,True,3
500,0,3,male,17,0,0,8.6625,S,Third,man,True,C,Southampton,no,True,3
501,0,3,female,21,0,0,7.75,Q,Third,woman,False,C,Queenstown,no,True,3
502,0,3,female,32,0,0,7.6292,Q,Third,woman,False,C,Queenstown,no,True,3
503,0,3,female,37,0,0,9.5875,S,Third,woman,False,C,Southampton,no,True,3
504,1,1,female,16,0,0,86.5,S,First,woman,False,B,Southampton,yes,True,1
505,0,1,male,18,1,0,108.9,C,First,man,True,C,Cherbourg,no,False,1
506,1,2,female,33,0,2,26.0,S,Second,woman,False,C,Southampton,yes,False,2
507,1,1,male,33,0,0,26.55,S,First,man,True,C,Southampton,yes,True,1
508,0,3,male,28,0,0,22.525,S,Third,man,True,C,Southampton,no,True,3
509,1,3,male,26,0,0,56.4958,S,Third,man,True,C,Southampton,yes,True,3
510,1,3,male,29,0,0,7.75,Q,Third,man,True,C,Queenstown,yes,True,3
511,0,3,male,33,0,0,8.05,S,Third,man,True,C,Southampton,no,True,3
512,1,1,male,36,0,0,26.2875,S,First,man,True,E,Southampton,yes,True,1
513,1,1,female,54,1,0,59.4,C,First,woman,False,C,Cherbourg,yes,False,1
514,0,3,male,24,0,0,7.4958,S,Third,man,True,C,Southampton,no,True,3
515,0,1,male,47,0,0,34.0208,S,First,man,True,D,Southampton,no,True,1
516,1,2,female,34,0,0,10.5,S,Second,woman,False,F,Southampton,yes,True,2
517,0,3,male,33,0,0,24.15,Q,Third,man,True,C,Queenstown,no,True,3
518,1,2,female,36,1,0,26.0,S,Second,woman,False,C,Southampton,yes,False,2
519,0,3,male,32,0,0,7.8958,S,Third,man,True,C,Southampton,no,True,3
520,1,1,female,30,0,0,93.5,S,First,woman,False,B,Southampton,yes,True,1
521,0,3,male,22,0,0,7.8958,S,Third,man,True,C,Southampton,no,True,3
522,0,3,male,33,0,0,7.225,C,Third,man,True,C,Cherbourg,no,True,3
523,1,1,female,44,0,1,57.9792,C,First,woman,False,B,Cherbourg,yes,False,1
524,0,3,male,33,0,0,7.2292,C,Third,man,True,C,Cherbourg,no,True,3
525,0,3,male,40,0,0,7.75,Q,Third,man,True,C,Queenstown,no,True,3
526,1,2,female,50,0,0,10.5,S,Second,woman,False,C,Southampton,yes,True,2
527,0,1,male,33,0,0,221.7792,S,First,man,True,C,Southampton,no,True,1
528,0,3,male,39,0,0,7.925,S,Third,man,True,C,Southampton,no,True,3
529,0,2,male,23,2,1,11.5,S,Second,man,True,C,Southampton,no,False,2
530,1,2,female,2,1,1,26.0,S,Second,child,False,C,Southampton,yes,False,2
531,0,3,male,33,0,0,7.2292,C,Third,man,True,C,Cherbourg,no,True,3
532,0,3,male,17,1,1,7.2292,C,Third,man,True,C,Cherbourg,no,False,3
533,1,3,female,32,0,2,22.3583,C,Third,woman,False,C,Cherbourg,yes,False,3
534,0,3,female,30,0,0,8.6625,S,Third,woman,False,C,Southampton,no,True,3
535,1,2,female,7,0,2,26.25,S,Second,child,False,C,Southampton,yes,False,2
536,0,1,male,45,0,0,26.55,S,First,man,True,B,Southampton,no,True,1
537,1,1,female,30,0,0,106.425,C,First,woman,False,C,Cherbourg,yes,True,1
538,0,3,male,33,0,0,14.5,S,Third,man,True,C,Southampton,no,True,3
539,1,1,female,22,0,2,49.5,C,First,woman,False,B,Cherbourg,yes,False,1
540,1,1,female,36,0,2,71.0,S,First,woman,False,B,Southampton,yes,False,1
541,0,3,female,9,4,2,31.275,S,Third,child,False,C,Southampton,no,False,3
542,0,3,female,11,4,2,31.275,S,Third,child,False,C,Southampton,no,False,3
543,1,2,male,32,1,0,26.0,S,Second,man,True,C,Southampton,yes,False,2
544,0,1,male,50,1,0,106.425,C,First,man,True,C,Cherbourg,no,False,1
545,0,1,male,64,0,0,26.0,S,First,man,True,C,Southampton,no,True,1
546,1,2,female,19,1,0,26.0,S,Second,woman,False,C,Southampton,yes,False,2
547,1,2,male,33,0,0,13.8625,C,Second,man,True,C,Cherbourg,yes,True,2
548,0,3,male,33,1,1,20.525,S,Third,man,True,C,Southampton,no,False,3
549,1,2,male,8,1,1,36.75,S,Second,child,False,C,Southampton,yes,False,2
550,1,1,male,17,0,2,110.8833,C,First,man,True,C,Cherbourg,yes,False,1
551,0,2,male,27,0,0,26.0,S,Second,man,True,C,Southampton,no,True,2
552,0,3,male,33,0,0,7.8292,Q,Third,man,True,C,Queenstown,no,True,3
553,1,3,male,22,0,0,7.225,C,Third,man,True,C,Cherbourg,yes,True,3
554,1,3,female,22,0,0,7.775,S,Third,woman,False,C,Southampton,yes,True,3
555,0,1,male,62,0,0,26.55,S,First,man,True,C,Southampton,no,True,1
556,1,1,female,48,1,0,39.6,C,First,woman,False,A,Cherbourg,yes,False,1
557,0,1,male,33,0,0,227.525,C,First,man,True,C,Cherbourg,no,True,1
558,1,1,female,39,1,1,79.65,S,First,woman,False,E,Southampton,yes,False,1
559,1,3,female,36,1,0,17.4,S,Third,woman,False,C,Southampton,yes,False,3
560,0,3,male,33,0,0,7.75,Q,Third,man,True,C,Queenstown,no,True,3
561,0,3,male,40,0,0,7.8958,S,Third,man,True,C,Southampton,no,True,3
562,0,2,male,28,0,0,13.5,S,Second,man,True,C,Southampton,no,True,2
563,0,3,male,33,0,0,8.05,S,Third,man,True,C,Southampton,no,True,3
564,0,3,female,32,0,0,8.05,S,Third,woman,False,C,Southampton,no,True,3
565,0,3,male,24,2,0,24.15,S,Third,man,True,C,Southampton,no,False,3
566,0,3,male,19,0,0,7.8958,S,Third,man,True,C,Southampton,no,True,3
567,0,3,female,29,0,4,21.075,S,Third,woman,False,C,Southampton,no,False,3
568,0,3,male,33,0,0,7.2292,C,Third,man,True,C,Cherbourg,no,True,3
569,1,3,male,32,0,0,7.8542,S,Third,man,True,C,Southampton,yes,True,3
570,1,2,male,62,0,0,10.5,S,Second,man,True,C,Southampton,yes,True,2
571,1,1,female,53,2,0,51.4792,S,First,woman,False,C,Southampton,yes,False,1
572,1,1,male,36,0,0,26.3875,S,First,man,True,E,Southampton,yes,True,1
573,1,3,female,32,0,0,7.75,Q,Third,woman,False,C,Queenstown,yes,True,3
574,0,3,male,16,0,0,8.05,S,Third,man,True,C,Southampton,no,True,3
575,0,3,male,19,0,0,14.5,S,Third,man,True,C,Southampton,no,True,3
576,1,2,female,34,0,0,13.0,S,Second,woman,False,C,Southampton,yes,True,2
577,1,1,female,39,1,0,55.9,S,First,woman,False,E,Southampton,yes,False,1
578,0,3,female,32,1,0,14.4583,C,Third,woman,False,C,Cherbourg,no,False,3
579,1,3,male,32,0,0,7.925,S,Third,man,True,C,Southampton,yes,True,3
580,1,2,female,25,1,1,30.0,S,Second,woman,False,C,Southampton,yes,False,2
581,1,1,female,39,1,1,110.8833,C,First,woman,False,C,Cherbourg,yes,False,1
582,0,2,male,54,0,0,26.0,S,Second,man,True,C,Southampton,no,True,2
583,0,1,male,36,0,0,40.125,C,First,man,True,A,Cherbourg,no,True,1
584,0,3,male,33,0,0,8.7125,C,Third,man,True,C,Cherbourg,no,True,3
585,1,1,female,18,0,2,79.65,S,First,woman,False,E,Southampton,yes,False,1
586,0,2,male,47,0,0,15.0,S,Second,man,True,C,Southampton,no,True,2
587,1,1,male,60,1,1,79.2,C,First,man,True,B,Cherbourg,yes,False,1
588,0,3,male,22,0,0,8.05,S,Third,man,True,C,Southampton,no,True,3
589,0,3,male,33,0,0,8.05,S,Third,man,True,C,Southampton,no,True,3
590,0,3,male,35,0,0,7.125,S,Third,man,True,C,Southampton,no,True,3
591,1,1,female,52,1,0,78.2667,C,First,woman,False,D,Cherbourg,yes,False,1
592,0,3,male,47,0,0,7.25,S,Third,man,True,C,Southampton,no,True,3
593,0,3,female,32,0,2,7.75,Q,Third,woman,False,C,Queenstown,no,False,3
594,0,2,male,37,1,0,26.0,S,Second,man,True,C,Southampton,no,False,2
595,0,3,male,36,1,1,24.15,S,Third,man,True,C,Southampton,no,False,3
596,1,2,female,32,0,0,33.0,S,Second,woman,False,C,Southampton,yes,True,2
597,0,3,male,49,0,0,0.0,S,Third,man,True,C,Southampton,no,True,3
598,0,3,male,33,0,0,7.225,C,Third,man,True,C,Cherbourg,no,True,3
599,1,1,male,49,1,0,56.9292,C,First,man,True,A,Cherbourg,yes,False,1
600,1,2,female,24,2,1,27.0,S,Second,woman,False,C,Southampton,yes,False,2
601,0,3,male,33,0,0,7.8958,S,Third,man,True,C,Southampton,no,True,3
602,0,1,male,33,0,0,42.4,S,First,man,True,C,Southampton,no,True,1
603,0,3,male,44,0,0,8.05,S,Third,man,True,C,Southampton,no,True,3
604,1,1,male,35,0,0,26.55,C,First,man,True,C,Cherbourg,yes,True,1
605,0,3,male,36,1,0,15.55,S,Third,man,True,C,Southampton,no,False,3
606,0,3,male,30,0,0,7.8958,S,Third,man,True,C,Southampton,no,True,3
607,1,1,male,27,0,0,30.5,S,First,man,True,C,Southampton,yes,True,1
608,1,2,female,22,1,2,41.5792,C,Second,woman,False,C,Cherbourg,yes,False,2
609,1,1,female,40,0,0,153.4625,S,First,woman,False,C,Southampton,yes,True,1
610,0,3,female,39,1,5,31.275,S,Third,woman,False,C,Southampton,no,False,3
611,0,3,male,33,0,0,7.05,S,Third,man,True,C,Southampton,no,True,3
612,1,3,female,32,1,0,15.5,Q,Third,woman,False,C,Queenstown,yes,False,3
613,0,3,male,33,0,0,7.75,Q,Third,man,True,C,Queenstown,no,True,3
614,0,3,male,35,0,0,8.05,S,Third,man,True,C,Southampton,no,True,3
615,1,2,female,24,1,2,65.0,S,Second,woman,False,C,Southampton,yes,False,2
616,0,3,male,34,1,1,14.4,S,Third,man,True,C,Southampton,no,False,3
617,0,3,female,26,1,0,16.1,S,Third,woman,False,C,Southampton,no,False,3
618,1,2,female,4,2,1,39.0,S,Second,child,False,F,Southampton,yes,False,2
619,0,2,male,26,0,0,10.5,S,Second,man,True,C,Southampton,no,True,2
620,0,3,male,27,1,0,14.4542,C,Third,man,True,C,Cherbourg,no,False,3
621,1,1,male,42,1,0,52.5542,S,First,man,True,D,Southampton,yes,False,1
622,1,3,male,20,1,1,15.7417,C,Third,man,True,C,Cherbourg,yes,False,3
623,0,3,male,21,0,0,7.8542,S,Third,man,True,C,Southampton,no,True,3
624,0,3,male,21,0,0,16.1,S,Third,man,True,C,Southampton,no,True,3
625,0,1,male,61,0,0,32.3208,S,First,man,True,D,Southampton,no,True,1
626,0,2,male,57,0,0,12.35,Q,Second,man,True,C,Queenstown,no,True,2
627,1,1,female,21,0,0,77.9583,S,First,woman,False,D,Southampton,yes,True,1
628,0,3,male,26,0,0,7.8958,S,Third,man,True,C,Southampton,no,True,3
629,0,3,male,33,0,0,7.7333,Q,Third,man,True,C,Queenstown,no,True,3
630,1,1,male,80,0,0,30.0,S,First,man,True,A,Southampton,yes,True,1
631,0,3,male,51,0,0,7.0542,S,Third,man,True,C,Southampton,no,True,3
632,1,1,male,32,0,0,30.5,C,First,man,True,B,Cherbourg,yes,True,1
633,0,1,male,33,0,0,0.0,S,First,man,True,C,Southampton,no,True,1
634,0,3,female,9,3,2,27.9,S,Third,child,False,C,Southampton,no,False,3
635,1,2,female,28,0,0,13.0,S,Second,woman,False,C,Southampton,yes,True,2
636,0,3,male,32,0,0,7.925,S,Third,man,True,C,Southampton,no,True,3
637,0,2,male,31,1,1,26.25,S,Second,man,True,C,Southampton,no,False,2
638,0,3,female,41,0,5,39.6875,S,Third,woman,False,C,Southampton,no,False,3
639,0,3,male,33,1,0,16.1,S,Third,man,True,C,Southampton,no,False,3
640,0,3,male,20,0,0,7.8542,S,Third,man,True,C,Southampton,no,True,3
641,1,1,female,24,0,0,69.3,C,First,woman,False,B,Cherbourg,yes,True,1
642,0,3,female,2,3,2,27.9,S,Third,child,False,C,Southampton,no,False,3
643,1,3,male,33,0,0,56.4958,S,Third,man,True,C,Southampton,yes,True,3
644,1,3,female,0,2,1,19.2583,C,Third,child,False,C,Cherbourg,yes,False,3
645,1,1,male,48,1,0,76.7292,C,First,man,True,D,Cherbourg,yes,False,1
646,0,3,male,19,0,0,7.8958,S,Third,man,True,C,Southampton,no,True,3
647,1,1,male,56,0,0,35.5,C,First,man,True,A,Cherbourg,yes,True,1
648,0,3,male,33,0,0,7.55,S,Third,man,True,C,Southampton,no,True,3
649,1,3,female,23,0,0,7.55,S,Third,woman,False,C,Southampton,yes,True,3
650,0,3,male,33,0,0,7.8958,S,Third,man,True,C,Southampton,no,True,3
651,1,2,female,18,0,1,23.0,S,Second,woman,False,C,Southampton,yes,False,2
652,0,3,male,21,0,0,8.4333,S,Third,man,True,C,Southampton,no,True,3
653,1,3,female,32,0,0,7.8292,Q,Third,woman,False,C,Queenstown,yes,True,3
654,0,3,female,18,0,0,6.75,Q,Third,woman,False,C,Queenstown,no,True,3
655,0,2,male,24,2,0,73.5,S,Second,man,True,C,Southampton,no,False,2
656,0,3,male,33,0,0,7.8958,S,Third,man,True,C,Southampton,no,True,3
657,0,3,female,32,1,1,15.5,Q,Third,woman,False,C,Queenstown,no,False,3
658,0,2,male,23,0,0,13.0,S,Second,man,True,C,Southampton,no,True,2
659,0,1,male,58,0,2,113.275,C,First,man,True,D,Cherbourg,no,False,1
660,1,1,male,50,2,0,133.65,S,First,man,True,C,Southampton,yes,False,1
661,0,3,male,40,0,0,7.225,C,Third,man,True,C,Cherbourg,no,True,3
662,0,1,male,47,0,0,25.5875,S,First,man,True,E,Southampton,no,True,1
663,0,3,male,36,0,0,7.4958,S,Third,man,True,C,Southampton,no,True,3
664,1,3,male,20,1,0,7.925,S,Third,man,True,C,Southampton,yes,False,3
665,0,2,male,32,2,0,73.5,S,Second,man,True,C,Southampton,no,False,2
666,0,2,male,25,0,0,13.0,S,Second,man,True,C,Southampton,no,True,2
667,0,3,male,33,0,0,7.775,S,Third,man,True,C,Southampton,no,True,3
668,0,3,male,43,0,0,8.05,S,Third,man,True,C,Southampton,no,True,3
669,1,1,female,32,1,0,52.0,S,First,woman,False,C,Southampton,yes,False,1
670,1,2,female,40,1,1,39.0,S,Second,woman,False,C,Southampton,yes,False,2
671,0,1,male,31,1,0,52.0,S,First,man,True,B,Southampton,no,False,1
672,0,2,male,70,0,0,10.5,S,Second,man,True,C,Southampton,no,True,2
673,1,2,male,31,0,0,13.0,S,Second,man,True,C,Southampton,yes,True,2
674,0,2,male,33,0,0,0.0,S,Second,man,True,C,Southampton,no,True,2
675,0,3,male,18,0,0,7.775,S,Third,man,True,C,Southampton,no,True,3
676,0,3,male,24,0,0,8.05,S,Third,man,True,C,Southampton,no,True,3
677,1,3,female,18,0,0,9.8417,S,Third,woman,False,C,Southampton,yes,True,3
678,0,3,female,43,1,6,46.9,S,Third,woman,False,C,Southampton,no,False,3
679,1,1,male,36,0,1,512.3292,C,First,man,True,B,Cherbourg,yes,False,1
680,0,3,female,32,0,0,8.1375,Q,Third,woman,False,C,Queenstown,no,True,3
681,1,1,male,27,0,0,76.7292,C,First,man,True,D,Cherbourg,yes,True,1
682,0,3,male,20,0,0,9.225,S,Third,man,True,C,Southampton,no,True,3
683,0,3,male,14,5,2,46.9,S,Third,child,False,C,Southampton,no,False,3
684,0,2,male,60,1,1,39.0,S,Second,man,True,C,Southampton,no,False,2
685,0,2,male,25,1,2,41.5792,C,Second,man,True,C,Cherbourg,no,False,2
686,0,3,male,14,4,1,39.6875,S,Third,child,False,C,Southampton,no,False,3
687,0,3,male,19,0,0,10.1708,S,Third,man,True,C,Southampton,no,True,3
688,0,3,male,18,0,0,7.7958,S,Third,man,True,C,Southampton,no,True,3
689,1,1,female,15,0,1,211.3375,S,First,child,False,B,Southampton,yes,False,1
690,1,1,male,31,1,0,57.0,S,First,man,True,B,Southampton,yes,False,1
691,1,3,female,4,0,1,13.4167,C,Third,child,False,C,Cherbourg,yes,False,3
692,1,3,male,33,0,0,56.4958,S,Third,man,True,C,Southampton,yes,True,3
693,0,3,male,25,0,0,7.225,C,Third,man,True,C,Cherbourg,no,True,3
694,0,1,male,60,0,0,26.55,S,First,man,True,C,Southampton,no,True,1
695,0,2,male,52,0,0,13.5,S,Second,man,True,C,Southampton,no,True,2
696,0,3,male,44,0,0,8.05,S,Third,man,True,C,Southampton,no,True,3
697,1,3,female,32,0,0,7.7333,Q,Third,woman,False,C,Queenstown,yes,True,3
698,0,1,male,49,1,1,110.8833,C,First,man,True,C,Cherbourg,no,False,1
699,0,3,male,42,0,0,7.65,S,Third,man,True,F,Southampton,no,True,3
700,1,1,female,18,1,0,227.525,C,First,woman,False,C,Cherbourg,yes,False,1
701,1,1,male,35,0,0,26.2875,S,First,man,True,E,Southampton,yes,True,1
702,0,3,female,18,0,1,14.4542,C,Third,woman,False,C,Cherbourg,no,False,3
703,0,3,male,25,0,0,7.7417,Q,Third,man,True,C,Queenstown,no,True,3
704,0,3,male,26,1,0,7.8542,S,Third,man,True,C,Southampton,no,False,3
705,0,2,male,39,0,0,26.0,S,Second,man,True,C,Southampton,no,True,2
706,1,2,female,45,0,0,13.5,S,Second,woman,False,C,Southampton,yes,True,2
707,1,1,male,42,0,0,26.2875,S,First,man,True,E,Southampton,yes,True,1
708,1,1,female,22,0,0,151.55,S,First,woman,False,C,Southampton,yes,True,1
709,1,3,male,33,1,1,15.2458,C,Third,man,True,C,Cherbourg,yes,False,3
710,1,1,female,24,0,0,49.5042,C,First,woman,False,C,Cherbourg,yes,True,1
711,0,1,male,33,0,0,26.55,S,First,man,True,C,Southampton,no,True,1
712,1,1,male,48,1,0,52.0,S,First,man,True,C,Southampton,yes,False,1
713,0,3,male,29,0,0,9.4833,S,Third,man,True,C,Southampton,no,True,3
714,0,2,male,52,0,0,13.0,S,Second,man,True,C,Southampton,no,True,2
715,0,3,male,19,0,0,7.65,S,Third,man,True,F,Southampton,no,True,3
716,1,1,female,38,0,0,227.525,C,First,woman,False,C,Cherbourg,yes,True,1
717,1,2,female,27,0,0,10.5,S,Second,woman,False,E,Southampton,yes,True,2
718,0,3,male,33,0,0,15.5,Q,Third,man,True,C,Queenstown,no,True,3
719,0,3,male,33,0,0,7.775,S,Third,man,True,C,Southampton,no,True,3
720,1,2,female,6,0,1,33.0,S,Second,child,False,C,Southampton,yes,False,2
721,0,3,male,17,1,0,7.0542,S,Third,man,True,C,Southampton,no,False,3
722,0,2,male,34,0,0,13.0,S,Second,man,True,C,Southampton,no,True,2
723,0,2,male,50,0,0,13.0,S,Second,man,True,C,Southampton,no,True,2
724,1,1,male,27,1,0,53.1,S,First,man,True,E,Southampton,yes,False,1
725,0,3,male,20,0,0,8.6625,S,Third,man,True,C,Southampton,no,True,3
726,1,2,female,30,3,0,21.0,S,Second,woman,False,C,Southampton,yes,False,2
727,1,3,female,32,0,0,7.7375,Q,Third,woman,False,C,Queenstown,yes,True,3
728,0,2,male,25,1,0,26.0,S,Second,man,True,C,Southampton,no,False,2
729,0,3,female,25,1,0,7.925,S,Third,woman,False,C,Southampton,no,False,3
730,1,1,female,29,0,0,211.3375,S,First,woman,False,B,Southampton,yes,True,1
731,0,3,male,11,0,0,18.7875,C,Third,child,False,C,Cherbourg,no,True,3
732,0,2,male,33,0,0,0.0,S,Second,man,True,C,Southampton,no,True,2
733,0,2,male,23,0,0,13.0,S,Second,man,True,C,Southampton,no,True,2
734,0,2,male,23,0,0,13.0,S,Second,man,True,C,Southampton,no,True,2
735,0,3,male,28,0,0,16.1,S,Third,man,True,C,Southampton,no,True,3
736,0,3,female,48,1,3,34.375,S,Third,woman,False,C,Southampton,no,False,3
737,1,1,male,35,0,0,512.3292,C,First,man,True,B,Cherbourg,yes,True,1
738,0,3,male,33,0,0,7.8958,S,Third,man,True,C,Southampton,no,True,3
739,0,3,male,33,0,0,7.8958,S,Third,man,True,C,Southampton,no,True,3
740,1,1,male,33,0,0,30.0,S,First,man,True,D,Southampton,yes,True,1
741,0,1,male,36,1,0,78.85,S,First,man,True,C,Southampton,no,False,1
742,1,1,female,21,2,2,262.375,C,First,woman,False,B,Cherbourg,yes,False,1
743,0,3,male,24,1,0,16.1,S,Third,man,True,C,Southampton,no,False,3
744,1,3,male,31,0,0,7.925,S,Third,man,True,C,Southampton,yes,True,3
745,0,1,male,70,1,1,71.0,S,First,man,True,B,Southampton,no,False,1
746,0,3,male,16,1,1,20.25,S,Third,man,True,C,Southampton,no,False,3
747,1,2,female,30,0,0,13.0,S,Second,woman,False,C,Southampton,yes,True,2
748,0,1,male,19,1,0,53.1,S,First,man,True,D,Southampton,no,False,1
749,0,3,male,31,0,0,7.75,Q,Third,man,True,C,Queenstown,no,True,3
750,1,2,female,4,1,1,23.0,S,Second,child,False,C,Southampton,yes,False,2
751,1,3,male,6,0,1,12.475,S,Third,child,False,E,Southampton,yes,False,3
752,0,3,male,33,0,0,9.5,S,Third,man,True,C,Southampton,no,True,3
753,0,3,male,23,0,0,7.8958,S,Third,man,True,C,Southampton,no,True,3
754,1,2,female,48,1,2,65.0,S,Second,woman,False,C,Southampton,yes,False,2
755,1,2,male,0,1,1,14.5,S,Second,child,False,C,Southampton,yes,False,2
756,0,3,male,28,0,0,7.7958,S,Third,man,True,C,Southampton,no,True,3
757,0,2,male,18,0,0,11.5,S,Second,man,True,C,Southampton,no,True,2
758,0,3,male,34,0,0,8.05,S,Third,man,True,C,Southampton,no,True,3
759,1,1,female,33,0,0,86.5,S,First,woman,False,B,Southampton,yes,True,1
760,0,3,male,33,0,0,14.5,S,Third,man,True,C,Southampton,no,True,3
761,0,3,male,41,0,0,7.125,S,Third,man,True,C,Southampton,no,True,3
762,1,3,male,20,0,0,7.2292,C,Third,man,True,C,Cherbourg,yes,True,3
763,1,1,female,36,1,2,120.0,S,First,woman,False,B,Southampton,yes,False,1
764,0,3,male,16,0,0,7.775,S,Third,man,True,C,Southampton,no,True,3
765,1,1,female,51,1,0,77.9583,S,First,woman,False,D,Southampton,yes,False,1
766,0,1,male,33,0,0,39.6,C,First,man,True,C,Cherbourg,no,True,1
767,0,3,female,30,0,0,7.75,Q,Third,woman,False,C,Queenstown,no,True,3
768,0,3,male,33,1,0,24.15,Q,Third,man,True,C,Queenstown,no,False,3
769,0,3,male,32,0,0,8.3625,S,Third,man,True,C,Southampton,no,True,3
770,0,3,male,24,0,0,9.5,S,Third,man,True,C,Southampton,no,True,3
771,0,3,male,48,0,0,7.8542,S,Third,man,True,C,Southampton,no,True,3
772,0,2,female,57,0,0,10.5,S,Second,woman,False,E,Southampton,no,True,2
773,0,3,male,33,0,0,7.225,C,Third,man,True,C,Cherbourg,no,True,3
774,1,2,female,54,1,3,23.0,S,Second,woman,False,C,Southampton,yes,False,2
775,0,3,male,18,0,0,7.75,S,Third,man,True,C,Southampton,no,True,3
776,0,3,male,33,0,0,7.75,Q,Third,man,True,F,Queenstown,no,True,3
777,1,3,female,5,0,0,12.475,S,Third,child,False,C,Southampton,yes,True,3
778,0,3,male,33,0,0,7.7375,Q,Third,man,True,C,Queenstown,no,True,3
779,1,1,female,43,0,1,211.3375,S,First,woman,False,B,Southampton,yes,False,1
780,1,3,female,13,0,0,7.2292,C,Third,child,False,C,Cherbourg,yes,True,3
781,1,1,female,17,1,0,57.0,S,First,woman,False,B,Southampton,yes,False,1
782,0,1,male,29,0,0,30.0,S,First,man,True,D,Southampton,no,True,1
783,0,3,male,33,1,2,23.45,S,Third,man,True,C,Southampton,no,False,3
784,0,3,male,25,0,0,7.05,S,Third,man,True,C,Southampton,no,True,3
785,0,3,male,25,0,0,7.25,S,Third,man,True,C,Southampton,no,True,3
786,1,3,female,18,0,0,7.4958,S,Third,woman,False,C,Southampton,yes,True,3
787,0,3,male,8,4,1,29.125,Q,Third,child,False,C,Queenstown,no,False,3
788,1,3,male,1,1,2,20.575,S,Third,child,False,C,Southampton,yes,False,3
789,0,1,male,46,0,0,79.2,C,First,man,True,B,Cherbourg,no,True,1
790,0,3,male,33,0,0,7.75,Q,Third,man,True,C,Queenstown,no,True,3
791,0,2,male,16,0,0,26.0,S,Second,man,True,C,Southampton,no,True,2
792,0,3,female,32,8,2,69.55,S,Third,woman,False,C,Southampton,no,False,3
793,0,1,male,33,0,0,30.6958,C,First,man,True,C,Cherbourg,no,True,1
794,0,3,male,25,0,0,7.8958,S,Third,man,True,C,Southampton,no,True,3
795,0,2,male,39,0,0,13.0,S,Second,man,True,C,Southampton,no,True,2
796,1,1,female,49,0,0,25.9292,S,First,woman,False,D,Southampton,yes,True,1
797,1,3,female,31,0,0,8.6833,S,Third,woman,False,C,Southampton,yes,True,3
798,0,3,male,30,0,0,7.2292,C,Third,man,True,C,Cherbourg,no,True,3
799,0,3,female,30,1,1,24.15,S,Third,woman,False,C,Southampton,no,False,3
800,0,2,male,34,0,0,13.0,S,Second,man,True,C,Southampton,no,True,2
801,1,2,female,31,1,1,26.25,S,Second,woman,False,C,Southampton,yes,False,2
802,1,1,male,11,1,2,120.0,S,First,child,False,B,Southampton,yes,False,1
803,1,3,male,0,0,1,8.5167,C,Third,child,False,C,Cherbourg,yes,False,3
804,1,3,male,27,0,0,6.975,S,Third,man,True,C,Southampton,yes,True,3
805,0,3,male,31,0,0,7.775,S,Third,man,True,C,Southampton,no,True,3
806,0,1,male,39,0,0,0.0,S,First,man,True,A,Southampton,no,True,1
807,0,3,female,18,0,0,7.775,S,Third,woman,False,C,Southampton,no,True,3
808,0,2,male,39,0,0,13.0,S,Second,man,True,C,Southampton,no,True,2
809,1,1,female,33,1,0,53.1,S,First,woman,False,E,Southampton,yes,False,1
810,0,3,male,26,0,0,7.8875,S,Third,man,True,C,Southampton,no,True,3
811,0,3,male,39,0,0,24.15,S,Third,man,True,C,Southampton,no,True,3
812,0,2,male,35,0,0,10.5,S,Second,man,True,C,Southampton,no,True,2
813,0,3,female,6,4,2,31.275,S,Third,child,False,C,Southampton,no,False,3
814,0,3,male,30,0,0,8.05,S,Third,man,True,C,Southampton,no,True,3
815,0,1,male,33,0,0,0.0,S,First,man,True,B,Southampton,no,True,1
816,0,3,female,23,0,0,7.925,S,Third,woman,False,C,Southampton,no,True,3
817,0,2,male,31,1,1,37.0042,C,Second,man,True,C,Cherbourg,no,False,2
818,0,3,male,43,0,0,6.45,S,Third,man,True,C,Southampton,no,True,3
819,0,3,male,10,3,2,27.9,S,Third,child,False,C,Southampton,no,False,3
820,1,1,female,52,1,1,93.5,S,First,woman,False,B,Southampton,yes,False,1
821,1,3,male,27,0,0,8.6625,S,Third,man,True,C,Southampton,yes,True,3
822,0,1,male,38,0,0,0.0,S,First,man,True,C,Southampton,no,True,1
823,1,3,female,27,0,1,12.475,S,Third,woman,False,E,Southampton,yes,False,3
824,0,3,male,2,4,1,39.6875,S,Third,child,False,C,Southampton,no,False,3
825,0,3,male,33,0,0,6.95,Q,Third,man,True,C,Queenstown,no,True,3
826,0,3,male,33,0,0,56.4958,S,Third,man,True,C,Southampton,no,True,3
827,1,2,male,1,0,2,37.0042,C,Second,child,False,C,Cherbourg,yes,False,2
828,1,3,male,33,0,0,7.75,Q,Third,man,True,C,Queenstown,yes,True,3
829,1,1,female,62,0,0,80.0,S,First,woman,False,B,Southampton,yes,True,1
830,1,3,female,15,1,0,14.4542,C,Third,child,False,C,Cherbourg,yes,False,3
831,1,2,male,0,1,1,18.75,S,Second,child,False,C,Southampton,yes,False,2
832,0,3,male,33,0,0,7.2292,C,Third,man,True,C,Cherbourg,no,True,3
833,0,3,male,23,0,0,7.8542,S,Third,man,True,C,Southampton,no,True,3
834,0,3,male,18,0,0,8.3,S,Third,man,True,C,Southampton,no,True,3
835,1,1,female,39,1,1,83.1583,C,First,woman,False,E,Cherbourg,yes,False,1
836,0,3,male,21,0,0,8.6625,S,Third,man,True,C,Southampton,no,True,3
837,0,3,male,33,0,0,8.05,S,Third,man,True,C,Southampton,no,True,3
838,1,3,male,32,0,0,56.4958,S,Third,man,True,C,Southampton,yes,True,3
839,1,1,male,33,0,0,29.7,C,First,man,True,C,Cherbourg,yes,True,1
840,0,3,male,20,0,0,7.925,S,Third,man,True,C,Southampton,no,True,3
841,0,2,male,16,0,0,10.5,S,Second,man,True,C,Southampton,no,True,2
842,1,1,female,30,0,0,31.0,C,First,woman,False,C,Cherbourg,yes,True,1
843,0,3,male,34,0,0,6.4375,C,Third,man,True,C,Cherbourg,no,True,3
844,0,3,male,17,0,0,8.6625,S,Third,man,True,C,Southampton,no,True,3
845,0,3,male,42,0,0,7.55,S,Third,man,True,C,Southampton,no,True,3
846,0,3,male,33,8,2,69.55,S,Third,man,True,C,Southampton,no,False,3
847,0,3,male,35,0,0,7.8958,C,Third,man,True,C,Cherbourg,no,True,3
848,0,2,male,28,0,1,33.0,S,Second,man,True,C,Southampton,no,False,2
849,1,1,female,32,1,0,89.1042,C,First,woman,False,C,Cherbourg,yes,False,1
850,0,3,male,4,4,2,31.275,S,Third,child,False,C,Southampton,no,False,3
851,0,3,male,74,0,0,7.775,S,Third,man,True,C,Southampton,no,True,3
852,0,3,female,9,1,1,15.2458,C,Third,child,False,C,Cherbourg,no,False,3
853,1,1,female,16,0,1,39.4,S,First,woman,False,D,Southampton,yes,False,1
854,0,2,female,44,1,0,26.0,S,Second,woman,False,C,Southampton,no,False,2
855,1,3,female,18,0,1,9.35,S,Third,woman,False,C,Southampton,yes,False,3
856,1,1,female,45,1,1,164.8667,S,First,woman,False,C,Southampton,yes,False,1
857,1,1,male,51,0,0,26.55,S,First,man,True,E,Southampton,yes,True,1
858,1,3,female,24,0,3,19.2583,C,Third,woman,False,C,Cherbourg,yes,False,3
859,0,3,male,33,0,0,7.2292,C,Third,man,True,C,Cherbourg,no,True,3
860,0,3,male,41,2,0,14.1083,S,Third,man,True,C,Southampton,no,False,3
861,0,2,male,21,1,0,11.5,S,Second,man,True,C,Southampton,no,False,2
862,1,1,female,48,0,0,25.9292,S,First,woman,False,D,Southampton,yes,True,1
863,0,3,female,32,8,2,69.55,S,Third,woman,False,C,Southampton,no,False,3
864,0,2,male,24,0,0,13.0,S,Second,man,True,C,Southampton,no,True,2
865,1,2,female,42,0,0,13.0,S,Second,woman,False,C,Southampton,yes,True,2
866,1,2,female,27,1,0,13.8583,C,Second,woman,False,C,Cherbourg,yes,False,2
867,0,1,male,31,0,0,50.4958,S,First,man,True,A,Southampton,no,True,1
868,0,3,male,33,0,0,9.5,S,Third,man,True,C,Southampton,no,True,3
869,1,3,male,4,1,1,11.1333,S,Third,child,False,C,Southampton,yes,False,3
870,0,3,male,26,0,0,7.8958,S,Third,man,True,C,Southampton,no,True,3
871,1,1,female,47,1,1,52.5542,S,First,woman,False,D,Southampton,yes,False,1
872,0,1,male,33,0,0,5.0,S,First,man,True,B,Southampton,no,True,1
873,0,3,male,47,0,0,9.0,S,Third,man,True,C,Southampton,no,True,3
874,1,2,female,28,1,0,24.0,C,Second,woman,False,C,Cherbourg,yes,False,2
875,1,3,female,15,0,0,7.225,C,Third,child,False,C,Cherbourg,yes,True,3
876,0,3,male,20,0,0,9.8458,S,Third,man,True,C,Southampton,no,True,3
877,0,3,male,19,0,0,7.8958,S,Third,man,True,C,Southampton,no,True,3
878,0,3,male,33,0,0,7.8958,S,Third,man,True,C,Southampton,no,True,3
879,1,1,female,56,0,1,83.1583,C,First,woman,False,C,Cherbourg,yes,False,1
880,1,2,female,25,0,1,26.0,S,Second,woman,False,C,Southampton,yes,False,2
881,0,3,male,33,0,0,7.8958,S,Third,man,True,C,Southampton,no,True,3
882,0,3,female,22,0,0,10.5167,S,Third,woman,False,C,Southampton,no,True,3
883,0,2,male,28,0,0,10.5,S,Second,man,True,C,Southampton,no,True,2
884,0,3,male,25,0,0,7.05,S,Third,man,True,C,Southampton,no,True,3
885,0,3,female,39,0,5,29.125,Q,Third,woman,False,C,Queenstown,no,False,3
886,0,2,male,27,0,0,13.0,S,Second,man,True,C,Southampton,no,True,2
887,1,1,female,19,0,0,30.0,S,First,woman,False,B,Southampton,yes,True,1
888,0,3,female,32,1,2,23.45,S,Third,woman,False,C,Southampton,no,False,3
889,1,1,male,26,0,0,30.0,C,First,man,True,C,Cherbourg,yes,True,1
890,0,3,male,32,0,0,7.75,Q,Third,man,True,C,Queenstown,no,True,3
